filename,confidence,xmin,ymin,xmax,ymax
40cd38_7_6_png.rf.68ef7fcd663cdf0f5b96bacdbcd94e07.jpg,0.9575407,990,410,1008,445
40cd38_7_6_png.rf.68ef7fcd663cdf0f5b96bacdbcd94e07.jpg,0.85608053,686,373,704,405
40cd38_7_6_png.rf.68ef7fcd663cdf0f5b96bacdbcd94e07.jpg,0.7918365,386,370,399,399
40cd38_7_6_png.rf.68ef7fcd663cdf0f5b96bacdbcd94e07.jpg,0.9860049,1279,540,1303,591
40cd38_7_6_png.rf.68ef7fcd663cdf0f5b96bacdbcd94e07.jpg,0.79884946,787,618,815,680
40cd38_7_6_png.rf.68ef7fcd663cdf0f5b96bacdbcd94e07.jpg,0.88989294,921,379,937,411
40cd38_7_6_png.rf.68ef7fcd663cdf0f5b96bacdbcd94e07.jpg,0.96504265,815,477,835,528
40cd38_7_6_png.rf.68ef7fcd663cdf0f5b96bacdbcd94e07.jpg,0.9507629,1684,611,1721,681
40cd38_7_6_png.rf.68ef7fcd663cdf0f5b96bacdbcd94e07.jpg,0.9647371,796,619,820,683
40cd38_7_6_png.rf.68ef7fcd663cdf0f5b96bacdbcd94e07.jpg,0.9544525,1379,463,1400,506
40cd38_7_6_png.rf.68ef7fcd663cdf0f5b96bacdbcd94e07.jpg,0.978391,1159,560,1179,610
40cd38_7_6_png.rf.68ef7fcd663cdf0f5b96bacdbcd94e07.jpg,0.9641106,162,525,185,577
40cd38_7_6_png.rf.68ef7fcd663cdf0f5b96bacdbcd94e07.jpg,0.9382586,801,377,814,406
40cd38_7_6_png.rf.68ef7fcd663cdf0f5b96bacdbcd94e07.jpg,0.9794628,1355,469,1381,514
40cd38_7_6_png.rf.68ef7fcd663cdf0f5b96bacdbcd94e07.jpg,0.85036737,1774,389,1796,423
40cd38_7_6_png.rf.68ef7fcd663cdf0f5b96bacdbcd94e07.jpg,0.7446934,1454,378,1481,412
40cd38_7_6_png.rf.68ef7fcd663cdf0f5b96bacdbcd94e07.jpg,0.9399765,552,668,588,740
40cd38_7_6_png.rf.68ef7fcd663cdf0f5b96bacdbcd94e07.jpg,0.45751595,767,476,790,520
40cd38_7_6_png.rf.68ef7fcd663cdf0f5b96bacdbcd94e07.jpg,0.6668568,1813,623,1848,693
40cd38_7_6_png.rf.68ef7fcd663cdf0f5b96bacdbcd94e07.jpg,0.97714156,641,543,664,592
40cd38_7_6_png.rf.68ef7fcd663cdf0f5b96bacdbcd94e07.jpg,0.93218946,1743,673,1789,751
40cd38_7_6_png.rf.68ef7fcd663cdf0f5b96bacdbcd94e07.jpg,0.9846305,902,517,931,575
40cd38_7_6_png.rf.68ef7fcd663cdf0f5b96bacdbcd94e07.jpg,0.66760707,1841,746,1891,832
40cd38_7_6_png.rf.68ef7fcd663cdf0f5b96bacdbcd94e07.jpg,0.9783669,1129,498,1152,549
40cd38_7_6_png.rf.68ef7fcd663cdf0f5b96bacdbcd94e07.jpg,0.9621968,1498,503,1541,560
40cd38_7_6_png.rf.68ef7fcd663cdf0f5b96bacdbcd94e07.jpg,0.8342285,1081,790,1120,886
40cd38_7_6_png.rf.68ef7fcd663cdf0f5b96bacdbcd94e07.jpg,0.6091044,574,369,589,403
40cd38_7_6_png.rf.68ef7fcd663cdf0f5b96bacdbcd94e07.jpg,0.8300411,1221,381,1237,411
40cd38_7_6_png.rf.68ef7fcd663cdf0f5b96bacdbcd94e07.jpg,0.9749238,1311,594,1352,664
40cd38_7_6_png.rf.68ef7fcd663cdf0f5b96bacdbcd94e07.jpg,0.979475,1099,426,1115,465
42ba34_1_5_png.rf.4337fde8fbe3640cf4351fb41ac9c3ca.jpg,0.95439553,653,547,693,605
42ba34_1_5_png.rf.4337fde8fbe3640cf4351fb41ac9c3ca.jpg,0.91461796,866,289,887,332
42ba34_1_5_png.rf.4337fde8fbe3640cf4351fb41ac9c3ca.jpg,0.9687663,861,427,888,484
42ba34_1_5_png.rf.4337fde8fbe3640cf4351fb41ac9c3ca.jpg,0.9635889,659,485,684,545
42ba34_1_5_png.rf.4337fde8fbe3640cf4351fb41ac9c3ca.jpg,0.95338744,549,505,566,534
42ba34_1_5_png.rf.4337fde8fbe3640cf4351fb41ac9c3ca.jpg,0.73518616,1697,517,1728,574
42ba34_1_5_png.rf.4337fde8fbe3640cf4351fb41ac9c3ca.jpg,0.54305273,1531,411,1559,471
42ba34_1_5_png.rf.4337fde8fbe3640cf4351fb41ac9c3ca.jpg,0.9712809,570,450,599,509
42ba34_1_5_png.rf.4337fde8fbe3640cf4351fb41ac9c3ca.jpg,0.80193675,1400,524,1433,586
42ba34_1_5_png.rf.4337fde8fbe3640cf4351fb41ac9c3ca.jpg,0.97534096,1362,457,1383,503
42ba34_1_5_png.rf.4337fde8fbe3640cf4351fb41ac9c3ca.jpg,0.9297803,1617,363,1643,414
42ba34_1_5_png.rf.4337fde8fbe3640cf4351fb41ac9c3ca.jpg,0.9737282,725,489,756,547
42ba34_1_5_png.rf.4337fde8fbe3640cf4351fb41ac9c3ca.jpg,0.5052557,27,392,51,435
42ba34_1_5_png.rf.4337fde8fbe3640cf4351fb41ac9c3ca.jpg,0.9459599,1539,410,1565,464
42ba34_1_5_png.rf.4337fde8fbe3640cf4351fb41ac9c3ca.jpg,0.9301738,1335,303,1354,342
42ba34_1_5_png.rf.4337fde8fbe3640cf4351fb41ac9c3ca.jpg,0.93456036,1553,335,1576,378
42ba34_1_5_png.rf.4337fde8fbe3640cf4351fb41ac9c3ca.jpg,0.9141295,1200,267,1222,302
42ba34_1_5_png.rf.4337fde8fbe3640cf4351fb41ac9c3ca.jpg,0.9607589,248,348,272,395
42ba34_1_5_png.rf.4337fde8fbe3640cf4351fb41ac9c3ca.jpg,0.79017985,880,223,899,260
42ba34_1_5_png.rf.4337fde8fbe3640cf4351fb41ac9c3ca.jpg,0.8779982,1339,303,1360,342
42ba34_1_5_png.rf.4337fde8fbe3640cf4351fb41ac9c3ca.jpg,0.9662802,795,327,821,373
42ba34_1_5_png.rf.4337fde8fbe3640cf4351fb41ac9c3ca.jpg,0.9679757,903,383,923,426
42ba34_1_5_png.rf.4337fde8fbe3640cf4351fb41ac9c3ca.jpg,0.7740187,1702,219,1721,255
42ba34_1_5_png.rf.4337fde8fbe3640cf4351fb41ac9c3ca.jpg,0.9700172,1416,396,1434,437
42ba34_1_5_png.rf.4337fde8fbe3640cf4351fb41ac9c3ca.jpg,0.97398865,1636,452,1664,505
42ba34_1_5_png.rf.4337fde8fbe3640cf4351fb41ac9c3ca.jpg,0.9564955,974,414,999,459
42ba34_1_5_png.rf.4337fde8fbe3640cf4351fb41ac9c3ca.jpg,0.34628195,1051,849,1077,918
42ba34_1_5_png.rf.4337fde8fbe3640cf4351fb41ac9c3ca.jpg,0.6035212,1252,221,1270,256
42ba34_1_5_png.rf.4337fde8fbe3640cf4351fb41ac9c3ca.jpg,0.969464,1401,520,1432,582
42ba34_5_5_png.rf.ceb556bd4c92d41496ae1d8c56600c4a.jpg,0.9682919,949,361,972,405
42ba34_5_5_png.rf.ceb556bd4c92d41496ae1d8c56600c4a.jpg,0.9198268,352,279,376,324
42ba34_5_5_png.rf.ceb556bd4c92d41496ae1d8c56600c4a.jpg,0.9662328,1616,544,1651,616
42ba34_5_5_png.rf.ceb556bd4c92d41496ae1d8c56600c4a.jpg,0.80750036,299,286,327,341
42ba34_5_5_png.rf.ceb556bd4c92d41496ae1d8c56600c4a.jpg,0.7604332,1260,330,1281,374
42ba34_5_5_png.rf.ceb556bd4c92d41496ae1d8c56600c4a.jpg,0.9375953,1261,333,1281,377
42ba34_5_5_png.rf.ceb556bd4c92d41496ae1d8c56600c4a.jpg,0.76197696,1093,297,1121,351
42ba34_5_5_png.rf.ceb556bd4c92d41496ae1d8c56600c4a.jpg,0.9675258,1056,350,1077,408
42ba34_5_5_png.rf.ceb556bd4c92d41496ae1d8c56600c4a.jpg,0.5017989,963,317,993,371
42ba34_5_5_png.rf.ceb556bd4c92d41496ae1d8c56600c4a.jpg,0.96034104,418,335,442,383
42ba34_5_5_png.rf.ceb556bd4c92d41496ae1d8c56600c4a.jpg,0.93075025,1344,288,1365,331
42ba34_5_5_png.rf.ceb556bd4c92d41496ae1d8c56600c4a.jpg,0.9590953,963,263,983,301
42ba34_5_5_png.rf.ceb556bd4c92d41496ae1d8c56600c4a.jpg,0.9145572,291,297,318,345
42ba34_5_5_png.rf.ceb556bd4c92d41496ae1d8c56600c4a.jpg,0.9356628,725,327,759,379
42ba34_5_5_png.rf.ceb556bd4c92d41496ae1d8c56600c4a.jpg,0.8720419,1216,296,1238,345
42ba34_5_5_png.rf.ceb556bd4c92d41496ae1d8c56600c4a.jpg,0.94015044,68,344,102,403
42ba34_5_5_png.rf.ceb556bd4c92d41496ae1d8c56600c4a.jpg,0.95926803,1211,296,1232,338
42ba34_5_5_png.rf.ceb556bd4c92d41496ae1d8c56600c4a.jpg,0.9293555,423,416,446,475
42ba34_5_5_png.rf.ceb556bd4c92d41496ae1d8c56600c4a.jpg,0.9482447,989,320,1014,371
42ba34_5_5_png.rf.ceb556bd4c92d41496ae1d8c56600c4a.jpg,0.5239081,1214,239,1241,282
42ba34_5_5_png.rf.ceb556bd4c92d41496ae1d8c56600c4a.jpg,0.96638507,287,493,317,561
42ba34_5_5_png.rf.ceb556bd4c92d41496ae1d8c56600c4a.jpg,0.9501598,372,369,401,418
42ba34_5_5_png.rf.ceb556bd4c92d41496ae1d8c56600c4a.jpg,0.5904491,966,371,989,417
42ba34_5_5_png.rf.ceb556bd4c92d41496ae1d8c56600c4a.jpg,0.5678055,1073,298,1100,352
42ba34_5_5_png.rf.ceb556bd4c92d41496ae1d8c56600c4a.jpg,0.41407767,1090,302,1119,353
42ba34_5_5_png.rf.ceb556bd4c92d41496ae1d8c56600c4a.jpg,0.6731849,990,807,1024,894
42ba34_5_5_png.rf.ceb556bd4c92d41496ae1d8c56600c4a.jpg,0.94711703,1336,429,1372,483
42ba34_5_5_png.rf.ceb556bd4c92d41496ae1d8c56600c4a.jpg,0.9438924,1077,292,1106,339
4b770a_1_4_png.rf.5a45b3b841a06de414ceb802e34c136f.jpg,0.8781201,1019,328,1041,371
4b770a_1_4_png.rf.5a45b3b841a06de414ceb802e34c136f.jpg,0.40828842,676,816,744,925
4b770a_1_4_png.rf.5a45b3b841a06de414ceb802e34c136f.jpg,0.9851001,912,497,953,571
4b770a_1_4_png.rf.5a45b3b841a06de414ceb802e34c136f.jpg,0.86320347,703,282,716,307
4b770a_1_4_png.rf.5a45b3b841a06de414ceb802e34c136f.jpg,0.9747184,1570,460,1607,534
4b770a_1_4_png.rf.5a45b3b841a06de414ceb802e34c136f.jpg,0.42579103,539,221,559,264
4b770a_1_4_png.rf.5a45b3b841a06de414ceb802e34c136f.jpg,0.97049004,1454,382,1485,443
4b770a_1_4_png.rf.5a45b3b841a06de414ceb802e34c136f.jpg,0.95647085,1513,399,1542,461
4b770a_1_4_png.rf.5a45b3b841a06de414ceb802e34c136f.jpg,0.98370105,736,401,765,465
4b770a_1_4_png.rf.5a45b3b841a06de414ceb802e34c136f.jpg,0.9402456,1712,619,1751,700
4b770a_1_4_png.rf.5a45b3b841a06de414ceb802e34c136f.jpg,0.96047556,951,313,970,355
4b770a_1_4_png.rf.5a45b3b841a06de414ceb802e34c136f.jpg,0.96313983,1327,309,1347,353
4b770a_1_4_png.rf.5a45b3b841a06de414ceb802e34c136f.jpg,0.4042876,1425,340,1451,387
4b770a_1_4_png.rf.5a45b3b841a06de414ceb802e34c136f.jpg,0.93661076,1436,344,1466,389
4b770a_1_4_png.rf.5a45b3b841a06de414ceb802e34c136f.jpg,0.97840893,1145,388,1172,450
4b770a_1_4_png.rf.5a45b3b841a06de414ceb802e34c136f.jpg,0.9681216,295,495,336,569
4b770a_1_4_png.rf.5a45b3b841a06de414ceb802e34c136f.jpg,0.71697783,1358,315,1386,365
4b770a_1_4_png.rf.5a45b3b841a06de414ceb802e34c136f.jpg,0.90505,590,709,641,797
4b770a_1_4_png.rf.5a45b3b841a06de414ceb802e34c136f.jpg,0.9753245,1104,363,1122,411
4b770a_1_4_png.rf.5a45b3b841a06de414ceb802e34c136f.jpg,0.90831184,594,312,614,352
4b770a_1_4_png.rf.5a45b3b841a06de414ceb802e34c136f.jpg,0.9634624,66,362,94,420
4b770a_1_4_png.rf.5a45b3b841a06de414ceb802e34c136f.jpg,0.33385447,1585,453,1613,513
4b770a_1_4_png.rf.5a45b3b841a06de414ceb802e34c136f.jpg,0.97485423,1224,405,1251,467
4b770a_1_4_png.rf.5a45b3b841a06de414ceb802e34c136f.jpg,0.9761293,632,371,661,422
4b770a_1_4_png.rf.5a45b3b841a06de414ceb802e34c136f.jpg,0.9430146,857,288,877,330
4b770a_1_4_png.rf.5a45b3b841a06de414ceb802e34c136f.jpg,0.40145743,1699,811,1755,914
4b770a_1_4_png.rf.5a45b3b841a06de414ceb802e34c136f.jpg,0.49696445,1421,341,1447,398
4b770a_1_4_png.rf.5a45b3b841a06de414ceb802e34c136f.jpg,0.9791438,1175,462,1210,527
4b770a_1_4_png.rf.5a45b3b841a06de414ceb802e34c136f.jpg,0.8591227,1336,292,1357,335
4b770a_3_6_png.rf.d0d9403f2f73ca0da7a6a1373c02b749.jpg,0.8339015,316,419,345,474
4b770a_3_6_png.rf.d0d9403f2f73ca0da7a6a1373c02b749.jpg,0.3300414,538,784,581,850
4b770a_3_6_png.rf.d0d9403f2f73ca0da7a6a1373c02b749.jpg,0.9110314,773,287,793,336
4b770a_3_6_png.rf.d0d9403f2f73ca0da7a6a1373c02b749.jpg,0.961515,740,419,770,493
4b770a_3_6_png.rf.d0d9403f2f73ca0da7a6a1373c02b749.jpg,0.58982605,692,375,717,435
4b770a_3_6_png.rf.d0d9403f2f73ca0da7a6a1373c02b749.jpg,0.32118016,597,389,625,450
4b770a_3_6_png.rf.d0d9403f2f73ca0da7a6a1373c02b749.jpg,0.96049124,354,472,382,535
4b770a_3_6_png.rf.d0d9403f2f73ca0da7a6a1373c02b749.jpg,0.90885115,297,313,324,360
4b770a_3_6_png.rf.d0d9403f2f73ca0da7a6a1373c02b749.jpg,0.9714234,1323,405,1363,477
4b770a_3_6_png.rf.d0d9403f2f73ca0da7a6a1373c02b749.jpg,0.9811849,1081,449,1115,519
4b770a_3_6_png.rf.d0d9403f2f73ca0da7a6a1373c02b749.jpg,0.95543987,1745,343,1781,410
4b770a_3_6_png.rf.d0d9403f2f73ca0da7a6a1373c02b749.jpg,0.97890407,599,386,628,444
4b770a_3_6_png.rf.d0d9403f2f73ca0da7a6a1373c02b749.jpg,0.9760794,436,406,462,464
4b770a_3_6_png.rf.d0d9403f2f73ca0da7a6a1373c02b749.jpg,0.858933,954,213,970,249
4b770a_3_6_png.rf.d0d9403f2f73ca0da7a6a1373c02b749.jpg,0.9650091,313,399,344,458
4b770a_3_6_png.rf.d0d9403f2f73ca0da7a6a1373c02b749.jpg,0.9486962,1272,323,1294,379
4b770a_3_6_png.rf.d0d9403f2f73ca0da7a6a1373c02b749.jpg,0.96063745,542,336,576,392
4b770a_3_6_png.rf.d0d9403f2f73ca0da7a6a1373c02b749.jpg,0.92112976,642,426,671,493
4b770a_3_6_png.rf.d0d9403f2f73ca0da7a6a1373c02b749.jpg,0.7503554,137,302,161,347
4b770a_3_6_png.rf.d0d9403f2f73ca0da7a6a1373c02b749.jpg,0.9624751,393,529,430,605
4b770a_3_6_png.rf.d0d9403f2f73ca0da7a6a1373c02b749.jpg,0.9251441,534,349,563,405
4b770a_3_6_png.rf.d0d9403f2f73ca0da7a6a1373c02b749.jpg,0.69799614,1635,226,1655,274
4b770a_3_6_png.rf.d0d9403f2f73ca0da7a6a1373c02b749.jpg,0.9706139,873,561,914,642
4b770a_3_6_png.rf.d0d9403f2f73ca0da7a6a1373c02b749.jpg,0.91002285,692,298,712,340
4b770a_3_6_png.rf.d0d9403f2f73ca0da7a6a1373c02b749.jpg,0.9570392,1655,441,1690,514
4b770a_3_6_png.rf.d0d9403f2f73ca0da7a6a1373c02b749.jpg,0.96117985,682,371,711,429
4b770a_3_6_png.rf.d0d9403f2f73ca0da7a6a1373c02b749.jpg,0.971573,1135,321,1161,383
4b770a_3_6_png.rf.d0d9403f2f73ca0da7a6a1373c02b749.jpg,0.9050602,1406,288,1436,341
4b770a_3_6_png.rf.d0d9403f2f73ca0da7a6a1373c02b749.jpg,0.3445774,1011,190,1041,242
573e61_1_9_png.rf.e82af77d907cdc12dccbd6857f53b9b1.jpg,0.9473025,1034,312,1053,354
573e61_1_9_png.rf.e82af77d907cdc12dccbd6857f53b9b1.jpg,0.8983353,442,706,498,793
573e61_1_9_png.rf.e82af77d907cdc12dccbd6857f53b9b1.jpg,0.73968136,580,264,610,307
573e61_1_9_png.rf.e82af77d907cdc12dccbd6857f53b9b1.jpg,0.8205245,427,283,452,326
573e61_1_9_png.rf.e82af77d907cdc12dccbd6857f53b9b1.jpg,0.8400293,1423,594,1459,661
573e61_1_9_png.rf.e82af77d907cdc12dccbd6857f53b9b1.jpg,0.98922414,766,454,790,511
573e61_1_9_png.rf.e82af77d907cdc12dccbd6857f53b9b1.jpg,0.9838531,1425,496,1450,553
573e61_1_9_png.rf.e82af77d907cdc12dccbd6857f53b9b1.jpg,0.97246045,622,344,651,394
573e61_1_9_png.rf.e82af77d907cdc12dccbd6857f53b9b1.jpg,0.97032344,1139,345,1160,396
573e61_1_9_png.rf.e82af77d907cdc12dccbd6857f53b9b1.jpg,0.9228855,1044,315,1070,353
573e61_1_9_png.rf.e82af77d907cdc12dccbd6857f53b9b1.jpg,0.9727903,348,404,380,462
573e61_1_9_png.rf.e82af77d907cdc12dccbd6857f53b9b1.jpg,0.97453326,318,576,351,645
573e61_1_9_png.rf.e82af77d907cdc12dccbd6857f53b9b1.jpg,0.9629164,1275,360,1298,405
573e61_1_9_png.rf.e82af77d907cdc12dccbd6857f53b9b1.jpg,0.9496303,732,358,753,420
573e61_1_9_png.rf.e82af77d907cdc12dccbd6857f53b9b1.jpg,0.9695939,412,441,450,522
573e61_1_9_png.rf.e82af77d907cdc12dccbd6857f53b9b1.jpg,0.97694665,866,397,888,447
573e61_1_9_png.rf.e82af77d907cdc12dccbd6857f53b9b1.jpg,0.7263582,1719,253,1737,298
573e61_1_9_png.rf.e82af77d907cdc12dccbd6857f53b9b1.jpg,0.98743105,1247,404,1277,456
573e61_1_9_png.rf.e82af77d907cdc12dccbd6857f53b9b1.jpg,0.9845648,1037,417,1066,472
573e61_1_9_png.rf.e82af77d907cdc12dccbd6857f53b9b1.jpg,0.9371763,1346,409,1370,465
573e61_1_9_png.rf.e82af77d907cdc12dccbd6857f53b9b1.jpg,0.9832171,1146,505,1180,575
573e61_1_9_png.rf.e82af77d907cdc12dccbd6857f53b9b1.jpg,0.9665581,1082,338,1108,383
573e61_9_6_png.rf.fc52856b5974cb67862c25bae96f25ad.jpg,0.9711997,909,360,927,399
573e61_9_6_png.rf.fc52856b5974cb67862c25bae96f25ad.jpg,0.70736426,437,801,487,882
573e61_9_6_png.rf.fc52856b5974cb67862c25bae96f25ad.jpg,0.4198704,988,293,1011,327
573e61_9_6_png.rf.fc52856b5974cb67862c25bae96f25ad.jpg,0.9779695,875,491,896,537
573e61_9_6_png.rf.fc52856b5974cb67862c25bae96f25ad.jpg,0.98056084,654,500,680,555
573e61_9_6_png.rf.fc52856b5974cb67862c25bae96f25ad.jpg,0.41565922,487,262,507,302
573e61_9_6_png.rf.fc52856b5974cb67862c25bae96f25ad.jpg,0.97553647,1628,548,1658,620
573e61_9_6_png.rf.fc52856b5974cb67862c25bae96f25ad.jpg,0.89036095,1268,479,1294,530
573e61_9_6_png.rf.fc52856b5974cb67862c25bae96f25ad.jpg,0.9355405,1240,715,1282,788
573e61_9_6_png.rf.fc52856b5974cb67862c25bae96f25ad.jpg,0.98150325,1261,569,1288,625
573e61_9_6_png.rf.fc52856b5974cb67862c25bae96f25ad.jpg,0.98610616,1140,452,1164,492
573e61_9_6_png.rf.fc52856b5974cb67862c25bae96f25ad.jpg,0.88943136,1471,400,1492,448
573e61_9_6_png.rf.fc52856b5974cb67862c25bae96f25ad.jpg,0.9878583,800,536,831,601
573e61_9_6_png.rf.fc52856b5974cb67862c25bae96f25ad.jpg,0.9721218,285,418,313,470
573e61_9_6_png.rf.fc52856b5974cb67862c25bae96f25ad.jpg,0.9326957,881,294,897,325
573e61_9_6_png.rf.fc52856b5974cb67862c25bae96f25ad.jpg,0.9831092,1250,343,1276,387
573e61_9_6_png.rf.fc52856b5974cb67862c25bae96f25ad.jpg,0.95992786,776,430,799,480
573e61_9_6_png.rf.fc52856b5974cb67862c25bae96f25ad.jpg,0.97696346,735,420,760,472
573e61_9_6_png.rf.fc52856b5974cb67862c25bae96f25ad.jpg,0.8763976,1681,313,1699,347
573e61_9_6_png.rf.fc52856b5974cb67862c25bae96f25ad.jpg,0.9810754,681,443,705,487
573e61_9_6_png.rf.fc52856b5974cb67862c25bae96f25ad.jpg,0.9512525,446,676,474,753
573e61_9_6_png.rf.fc52856b5974cb67862c25bae96f25ad.jpg,0.98200595,583,515,608,573
573e61_9_6_png.rf.fc52856b5974cb67862c25bae96f25ad.jpg,0.8976967,887,293,904,325
573e61_9_6_png.rf.fc52856b5974cb67862c25bae96f25ad.jpg,0.97192985,903,487,927,542
573e61_9_6_png.rf.fc52856b5974cb67862c25bae96f25ad.jpg,0.981475,1272,439,1297,502
573e61_9_6_png.rf.fc52856b5974cb67862c25bae96f25ad.jpg,0.9525707,1126,688,1181,766
573e61_9_6_png.rf.fc52856b5974cb67862c25bae96f25ad.jpg,0.98618406,991,417,1018,465
744b27_1_10_png.rf.e6f27d3b66a0c6720b9e9e50265251a6.jpg,0.9693196,915,379,937,422
744b27_1_10_png.rf.e6f27d3b66a0c6720b9e9e50265251a6.jpg,0.96009696,835,653,875,730
744b27_1_10_png.rf.e6f27d3b66a0c6720b9e9e50265251a6.jpg,0.9206954,1501,736,1539,803
744b27_1_10_png.rf.e6f27d3b66a0c6720b9e9e50265251a6.jpg,0.83045393,467,336,485,368
744b27_1_10_png.rf.e6f27d3b66a0c6720b9e9e50265251a6.jpg,0.9656732,1272,391,1292,438
744b27_1_10_png.rf.e6f27d3b66a0c6720b9e9e50265251a6.jpg,0.8722233,1862,426,1898,481
744b27_1_10_png.rf.e6f27d3b66a0c6720b9e9e50265251a6.jpg,0.93769854,1224,381,1244,422
744b27_1_10_png.rf.e6f27d3b66a0c6720b9e9e50265251a6.jpg,0.9309928,1636,697,1677,763
744b27_1_10_png.rf.e6f27d3b66a0c6720b9e9e50265251a6.jpg,0.9669981,727,550,764,614
744b27_1_10_png.rf.e6f27d3b66a0c6720b9e9e50265251a6.jpg,0.9695342,521,387,541,431
744b27_1_10_png.rf.e6f27d3b66a0c6720b9e9e50265251a6.jpg,0.47009313,1230,385,1252,436
744b27_1_10_png.rf.e6f27d3b66a0c6720b9e9e50265251a6.jpg,0.9669467,412,452,443,514
744b27_1_10_png.rf.e6f27d3b66a0c6720b9e9e50265251a6.jpg,0.41449463,292,861,347,977
744b27_1_10_png.rf.e6f27d3b66a0c6720b9e9e50265251a6.jpg,0.37283537,706,358,726,401
744b27_1_10_png.rf.e6f27d3b66a0c6720b9e9e50265251a6.jpg,0.9236264,741,471,765,526
744b27_1_10_png.rf.e6f27d3b66a0c6720b9e9e50265251a6.jpg,0.9689913,545,637,583,717
744b27_1_10_png.rf.e6f27d3b66a0c6720b9e9e50265251a6.jpg,0.9661432,1050,455,1074,503
744b27_1_10_png.rf.e6f27d3b66a0c6720b9e9e50265251a6.jpg,0.9700837,711,372,730,411
744b27_1_10_png.rf.e6f27d3b66a0c6720b9e9e50265251a6.jpg,0.88758373,680,705,711,780
744b27_1_10_png.rf.e6f27d3b66a0c6720b9e9e50265251a6.jpg,0.5898551,227,324,250,359
744b27_1_10_png.rf.e6f27d3b66a0c6720b9e9e50265251a6.jpg,0.322611,1738,337,1765,380
744b27_1_10_png.rf.e6f27d3b66a0c6720b9e9e50265251a6.jpg,0.7141867,1561,776,1608,848
744b27_1_10_png.rf.e6f27d3b66a0c6720b9e9e50265251a6.jpg,0.97746605,1016,491,1039,549
744b27_1_10_png.rf.e6f27d3b66a0c6720b9e9e50265251a6.jpg,0.9763629,1327,435,1356,493
744b27_1_10_png.rf.e6f27d3b66a0c6720b9e9e50265251a6.jpg,0.9793545,1125,562,1154,630
744b27_1_10_png.rf.e6f27d3b66a0c6720b9e9e50265251a6.jpg,0.6105741,468,343,489,378
744b27_1_10_png.rf.e6f27d3b66a0c6720b9e9e50265251a6.jpg,0.9806855,1312,563,1343,623
744b27_1_10_png.rf.e6f27d3b66a0c6720b9e9e50265251a6.jpg,0.982928,1160,375,1178,416
744b27_7_4_png.rf.3431eaf3ff56847b5076376771bdf954.jpg,0.51422757,1126,318,1147,362
744b27_7_4_png.rf.3431eaf3ff56847b5076376771bdf954.jpg,0.960114,1005,342,1023,382
744b27_7_4_png.rf.3431eaf3ff56847b5076376771bdf954.jpg,0.96175796,1055,556,1089,626
744b27_7_4_png.rf.3431eaf3ff56847b5076376771bdf954.jpg,0.96231824,749,421,767,471
744b27_7_4_png.rf.3431eaf3ff56847b5076376771bdf954.jpg,0.95410866,703,415,724,452
744b27_7_4_png.rf.3431eaf3ff56847b5076376771bdf954.jpg,0.97541094,1547,455,1573,515
744b27_7_4_png.rf.3431eaf3ff56847b5076376771bdf954.jpg,0.9509808,1623,416,1646,468
744b27_7_4_png.rf.3431eaf3ff56847b5076376771bdf954.jpg,0.96746397,1697,418,1725,477
744b27_7_4_png.rf.3431eaf3ff56847b5076376771bdf954.jpg,0.95997643,946,386,976,438
744b27_7_4_png.rf.3431eaf3ff56847b5076376771bdf954.jpg,0.9700332,1592,382,1609,421
744b27_7_4_png.rf.3431eaf3ff56847b5076376771bdf954.jpg,0.9457026,362,388,384,442
744b27_7_4_png.rf.3431eaf3ff56847b5076376771bdf954.jpg,0.89216036,1064,459,1087,512
744b27_7_4_png.rf.3431eaf3ff56847b5076376771bdf954.jpg,0.953274,679,442,706,496
744b27_7_4_png.rf.3431eaf3ff56847b5076376771bdf954.jpg,0.9791757,1070,446,1096,500
744b27_7_4_png.rf.3431eaf3ff56847b5076376771bdf954.jpg,0.9744674,836,413,861,462
744b27_7_4_png.rf.3431eaf3ff56847b5076376771bdf954.jpg,0.30347663,129,295,147,326
744b27_7_4_png.rf.3431eaf3ff56847b5076376771bdf954.jpg,0.9826051,1233,416,1262,472
744b27_7_4_png.rf.3431eaf3ff56847b5076376771bdf954.jpg,0.96922106,1610,486,1635,552
744b27_7_4_png.rf.3431eaf3ff56847b5076376771bdf954.jpg,0.907529,954,429,986,479
744b27_7_4_png.rf.3431eaf3ff56847b5076376771bdf954.jpg,0.94897705,1463,376,1490,424
744b27_7_4_png.rf.3431eaf3ff56847b5076376771bdf954.jpg,0.95083517,1079,372,1099,416
744b27_7_4_png.rf.3431eaf3ff56847b5076376771bdf954.jpg,0.9606866,1126,425,1150,477
744b27_7_4_png.rf.3431eaf3ff56847b5076376771bdf954.jpg,0.9361034,1090,597,1129,677
744b27_7_4_png.rf.3431eaf3ff56847b5076376771bdf954.jpg,0.57758266,451,441,466,460
744b27_7_4_png.rf.3431eaf3ff56847b5076376771bdf954.jpg,0.883677,1128,314,1148,359
744b27_9_9_png.rf.b229c5eff4425a17d2f7e4b34cf7edd1.jpg,0.8838484,327,440,347,497
744b27_9_9_png.rf.b229c5eff4425a17d2f7e4b34cf7edd1.jpg,0.32518673,373,359,403,418
744b27_9_9_png.rf.b229c5eff4425a17d2f7e4b34cf7edd1.jpg,0.97305083,1347,426,1369,472
744b27_9_9_png.rf.b229c5eff4425a17d2f7e4b34cf7edd1.jpg,0.9786444,1582,451,1615,512
744b27_9_9_png.rf.b229c5eff4425a17d2f7e4b34cf7edd1.jpg,0.91052246,1515,462,1539,515
744b27_9_9_png.rf.b229c5eff4425a17d2f7e4b34cf7edd1.jpg,0.85251695,313,365,334,406
744b27_9_9_png.rf.b229c5eff4425a17d2f7e4b34cf7edd1.jpg,0.7425201,1420,416,1444,466
744b27_9_9_png.rf.b229c5eff4425a17d2f7e4b34cf7edd1.jpg,0.98046356,757,470,786,524
744b27_9_9_png.rf.b229c5eff4425a17d2f7e4b34cf7edd1.jpg,0.91487014,1001,307,1015,336
744b27_9_9_png.rf.b229c5eff4425a17d2f7e4b34cf7edd1.jpg,0.9775638,489,394,514,437
744b27_9_9_png.rf.b229c5eff4425a17d2f7e4b34cf7edd1.jpg,0.9391191,1439,418,1466,458
744b27_9_9_png.rf.b229c5eff4425a17d2f7e4b34cf7edd1.jpg,0.48852766,1534,369,1563,414
744b27_9_9_png.rf.b229c5eff4425a17d2f7e4b34cf7edd1.jpg,0.9432725,1401,413,1425,462
744b27_9_9_png.rf.b229c5eff4425a17d2f7e4b34cf7edd1.jpg,0.9576952,1318,351,1344,394
744b27_9_9_png.rf.b229c5eff4425a17d2f7e4b34cf7edd1.jpg,0.97543824,466,478,496,535
744b27_9_9_png.rf.b229c5eff4425a17d2f7e4b34cf7edd1.jpg,0.9180621,357,443,380,500
744b27_9_9_png.rf.b229c5eff4425a17d2f7e4b34cf7edd1.jpg,0.97021455,1010,414,1036,463
744b27_9_9_png.rf.b229c5eff4425a17d2f7e4b34cf7edd1.jpg,0.9647195,599,387,620,430
744b27_9_9_png.rf.b229c5eff4425a17d2f7e4b34cf7edd1.jpg,0.9654408,1694,420,1717,465
744b27_9_9_png.rf.b229c5eff4425a17d2f7e4b34cf7edd1.jpg,0.35303324,375,449,399,509
744b27_9_9_png.rf.b229c5eff4425a17d2f7e4b34cf7edd1.jpg,0.87623143,297,379,317,422
744b27_9_9_png.rf.b229c5eff4425a17d2f7e4b34cf7edd1.jpg,0.97756517,879,461,909,517
744b27_9_9_png.rf.b229c5eff4425a17d2f7e4b34cf7edd1.jpg,0.96142733,1113,376,1140,428
744b27_9_9_png.rf.b229c5eff4425a17d2f7e4b34cf7edd1.jpg,0.8127468,1432,416,1456,461
744b27_9_9_png.rf.b229c5eff4425a17d2f7e4b34cf7edd1.jpg,0.9696605,1191,577,1219,647
744b27_9_9_png.rf.b229c5eff4425a17d2f7e4b34cf7edd1.jpg,0.97439075,1274,375,1295,416
798b45_3_3_png.rf.f3a1db99742364b75a965df8ed33ba8f.jpg,0.7441236,1099,248,1116,282
798b45_3_3_png.rf.f3a1db99742364b75a965df8ed33ba8f.jpg,0.8041819,1106,250,1125,286
798b45_3_3_png.rf.f3a1db99742364b75a965df8ed33ba8f.jpg,0.9611562,1616,522,1656,605
798b45_3_3_png.rf.f3a1db99742364b75a965df8ed33ba8f.jpg,0.59902984,386,262,410,308
798b45_3_3_png.rf.f3a1db99742364b75a965df8ed33ba8f.jpg,0.92765313,1314,273,1332,311
798b45_3_3_png.rf.f3a1db99742364b75a965df8ed33ba8f.jpg,0.9819432,1155,485,1193,559
798b45_3_3_png.rf.f3a1db99742364b75a965df8ed33ba8f.jpg,0.93805915,1758,328,1781,375
798b45_3_3_png.rf.f3a1db99742364b75a965df8ed33ba8f.jpg,0.97400856,638,395,665,453
798b45_3_3_png.rf.f3a1db99742364b75a965df8ed33ba8f.jpg,0.39980274,663,253,690,296
798b45_3_3_png.rf.f3a1db99742364b75a965df8ed33ba8f.jpg,0.8321817,1651,355,1664,380
798b45_3_3_png.rf.f3a1db99742364b75a965df8ed33ba8f.jpg,0.9408531,517,298,540,342
798b45_3_3_png.rf.f3a1db99742364b75a965df8ed33ba8f.jpg,0.9442308,1134,286,1154,333
798b45_3_3_png.rf.f3a1db99742364b75a965df8ed33ba8f.jpg,0.8210882,825,730,901,836
798b45_3_3_png.rf.f3a1db99742364b75a965df8ed33ba8f.jpg,0.9644181,155,481,185,559
798b45_3_3_png.rf.f3a1db99742364b75a965df8ed33ba8f.jpg,0.97490215,618,351,641,402
798b45_3_3_png.rf.f3a1db99742364b75a965df8ed33ba8f.jpg,0.91312665,399,438,434,502
798b45_3_3_png.rf.f3a1db99742364b75a965df8ed33ba8f.jpg,0.9753916,802,316,823,366
798b45_3_3_png.rf.f3a1db99742364b75a965df8ed33ba8f.jpg,0.8391297,517,300,544,351
798b45_3_3_png.rf.f3a1db99742364b75a965df8ed33ba8f.jpg,0.37181023,1501,224,1522,270
798b45_3_3_png.rf.f3a1db99742364b75a965df8ed33ba8f.jpg,0.95222056,327,542,379,631
798b45_3_3_png.rf.f3a1db99742364b75a965df8ed33ba8f.jpg,0.9625348,396,407,426,470
798b45_3_3_png.rf.f3a1db99742364b75a965df8ed33ba8f.jpg,0.7237356,377,261,401,307
798b45_3_3_png.rf.f3a1db99742364b75a965df8ed33ba8f.jpg,0.9802286,976,398,1008,461
798b45_3_3_png.rf.f3a1db99742364b75a965df8ed33ba8f.jpg,0.97386634,1056,403,1083,471
798b45_3_3_png.rf.f3a1db99742364b75a965df8ed33ba8f.jpg,0.9686619,1480,345,1514,407
798b45_3_3_png.rf.f3a1db99742364b75a965df8ed33ba8f.jpg,0.97480583,1086,333,1111,377
798b45_3_3_png.rf.f3a1db99742364b75a965df8ed33ba8f.jpg,0.6415028,1045,789,1086,879
798b45_3_3_png.rf.f3a1db99742364b75a965df8ed33ba8f.jpg,0.94279045,406,315,432,368
a9f16c_2_10_png.rf.cf607320fc980b28b6e14b14fed46e91.jpg,0.97427994,736,392,759,437
a9f16c_2_10_png.rf.cf607320fc980b28b6e14b14fed46e91.jpg,0.9786581,1575,593,1604,660
a9f16c_2_10_png.rf.cf607320fc980b28b6e14b14fed46e91.jpg,0.97329026,694,651,725,715
a9f16c_2_10_png.rf.cf607320fc980b28b6e14b14fed46e91.jpg,0.96904695,1402,400,1426,442
a9f16c_2_10_png.rf.cf607320fc980b28b6e14b14fed46e91.jpg,0.97278994,933,355,953,394
a9f16c_2_10_png.rf.cf607320fc980b28b6e14b14fed46e91.jpg,0.5391377,699,731,737,796
a9f16c_2_10_png.rf.cf607320fc980b28b6e14b14fed46e91.jpg,0.9733708,1265,441,1289,485
a9f16c_2_10_png.rf.cf607320fc980b28b6e14b14fed46e91.jpg,0.9752417,627,478,651,526
a9f16c_2_10_png.rf.cf607320fc980b28b6e14b14fed46e91.jpg,0.9735869,1185,338,1207,376
a9f16c_2_10_png.rf.cf607320fc980b28b6e14b14fed46e91.jpg,0.98481977,753,515,777,566
a9f16c_2_10_png.rf.cf607320fc980b28b6e14b14fed46e91.jpg,0.9773203,625,410,648,457
a9f16c_2_10_png.rf.cf607320fc980b28b6e14b14fed46e91.jpg,0.97102946,216,418,243,470
a9f16c_2_10_png.rf.cf607320fc980b28b6e14b14fed46e91.jpg,0.92026436,423,789,458,867
a9f16c_2_10_png.rf.cf607320fc980b28b6e14b14fed46e91.jpg,0.76929057,633,451,654,507
a9f16c_2_10_png.rf.cf607320fc980b28b6e14b14fed46e91.jpg,0.98554426,1213,519,1242,568
a9f16c_2_10_png.rf.cf607320fc980b28b6e14b14fed46e91.jpg,0.98294705,520,537,544,583
a9f16c_2_10_png.rf.cf607320fc980b28b6e14b14fed46e91.jpg,0.76975787,767,291,786,323
a9f16c_2_10_png.rf.cf607320fc980b28b6e14b14fed46e91.jpg,0.96708494,569,507,591,556
a9f16c_2_10_png.rf.cf607320fc980b28b6e14b14fed46e91.jpg,0.98374164,1006,468,1025,515
a9f16c_2_10_png.rf.cf607320fc980b28b6e14b14fed46e91.jpg,0.9758699,933,596,960,665
a9f16c_2_10_png.rf.cf607320fc980b28b6e14b14fed46e91.jpg,0.9211407,1144,771,1174,841
a9f16c_2_9_png.rf.ee1080f3ec9bad6ba2b8ae4799f90b59.jpg,0.95445377,741,401,761,453
a9f16c_2_9_png.rf.ee1080f3ec9bad6ba2b8ae4799f90b59.jpg,0.9619299,718,424,741,473
a9f16c_2_9_png.rf.ee1080f3ec9bad6ba2b8ae4799f90b59.jpg,0.9782696,849,662,889,731
a9f16c_2_9_png.rf.ee1080f3ec9bad6ba2b8ae4799f90b59.jpg,0.89306825,435,712,476,777
a9f16c_2_9_png.rf.ee1080f3ec9bad6ba2b8ae4799f90b59.jpg,0.81490046,540,431,567,487
a9f16c_2_9_png.rf.ee1080f3ec9bad6ba2b8ae4799f90b59.jpg,0.940546,1529,723,1563,797
a9f16c_2_9_png.rf.ee1080f3ec9bad6ba2b8ae4799f90b59.jpg,0.97809154,407,554,436,611
a9f16c_2_9_png.rf.ee1080f3ec9bad6ba2b8ae4799f90b59.jpg,0.98169774,943,521,973,569
a9f16c_2_9_png.rf.ee1080f3ec9bad6ba2b8ae4799f90b59.jpg,0.9371721,913,723,946,784
a9f16c_2_9_png.rf.ee1080f3ec9bad6ba2b8ae4799f90b59.jpg,0.9767992,611,543,640,603
a9f16c_2_9_png.rf.ee1080f3ec9bad6ba2b8ae4799f90b59.jpg,0.6189648,732,372,753,411
a9f16c_2_9_png.rf.ee1080f3ec9bad6ba2b8ae4799f90b59.jpg,0.976698,693,432,718,481
a9f16c_2_9_png.rf.ee1080f3ec9bad6ba2b8ae4799f90b59.jpg,0.9658414,1357,432,1390,488
a9f16c_2_9_png.rf.ee1080f3ec9bad6ba2b8ae4799f90b59.jpg,0.4874282,675,930,705,993
a9f16c_2_9_png.rf.ee1080f3ec9bad6ba2b8ae4799f90b59.jpg,0.87444085,330,719,362,793
a9f16c_2_9_png.rf.ee1080f3ec9bad6ba2b8ae4799f90b59.jpg,0.96774644,1022,351,1048,393
a9f16c_2_9_png.rf.ee1080f3ec9bad6ba2b8ae4799f90b59.jpg,0.9645787,534,431,561,486
a9f16c_2_9_png.rf.ee1080f3ec9bad6ba2b8ae4799f90b59.jpg,0.9570463,208,406,235,454
a9f16c_2_9_png.rf.ee1080f3ec9bad6ba2b8ae4799f90b59.jpg,0.91405606,396,766,433,841
a9f16c_2_9_png.rf.ee1080f3ec9bad6ba2b8ae4799f90b59.jpg,0.98195755,543,506,570,564
a9f16c_2_9_png.rf.ee1080f3ec9bad6ba2b8ae4799f90b59.jpg,0.33031335,984,976,1006,1020
a9f16c_2_9_png.rf.ee1080f3ec9bad6ba2b8ae4799f90b59.jpg,0.9467891,404,675,437,740
a9f16c_2_9_png.rf.ee1080f3ec9bad6ba2b8ae4799f90b59.jpg,0.55307376,1567,915,1602,994
a9f16c_2_9_png.rf.ee1080f3ec9bad6ba2b8ae4799f90b59.jpg,0.77815723,757,275,774,310
a9f16c_2_9_png.rf.ee1080f3ec9bad6ba2b8ae4799f90b59.jpg,0.979763,460,511,482,565
a9f16c_2_9_png.rf.ee1080f3ec9bad6ba2b8ae4799f90b59.jpg,0.98128086,1245,545,1273,604
